Sno	Plant name	Plant Part	Plant Subpart	Therapeutic use	UMLS identifier	MeSH identifier	ICD11 identifier	Reference
1	Tinospora cordifolia	leaf	leaf	antioxidant activity	C1148564	D000975		https://doi.org/10.1080/0972060X.2013.831568
2	Chromolaena odorata	leaf	leaf	Anti-Bacterial Agents	C0279516	D000900		https://doi.org/10.1080/0972060X.2013.831571
3	Syzygium aromaticum	stem	bud	Antimicrobial activity function	C1321418	D000890		https://doi.org/10.1080/0972060X.2014.884779
4	Syzygium aromaticum	stem	bud	antioxidant activity	C1148564	D000975		https://doi.org/10.1080/0972060X.2014.884779
5	Syzygium caryophyllatum	leaf	leaf	Anti-Bacterial Agents	C0279516	D000900		https://doi.org/10.1080/0972060X.2014.895198
6	Syzygium caryophyllatum	leaf	leaf	antioxidant activity	C1148564	D000975		https://doi.org/10.1080/0972060X.2014.895198
7	Ayapana triplinervis	leaf	leaf	Antimicrobial activity function	C1321418	D000890		https://doi.org/10.1080/0972060X.2014.914000
8	Ayapana triplinervis	stem	stem	Antimicrobial activity function	C1321418	D000890		https://doi.org/10.1080/0972060X.2014.914000
9	Thymus serpyllum	whole plant	herb	Anti-Bacterial Agents	C0279516	D000900		https://doi.org/10.1080/0972060X.2014.935071
10	Thymus serpyllum	whole plant	herb	Antifungal Agents	C0003308	D000935		https://doi.org/10.1080/0972060X.2014.935071
11	Thymus linearis	whole plant	herb	Anti-Bacterial Agents	C0279516	D000900		https://doi.org/10.1080/0972060X.2014.935071
12	Thymus linearis	whole plant	herb	Antifungal Agents	C0003308	D000935		https://doi.org/10.1080/0972060X.2014.935071
13	Cuminum cyminum	seed	seed	Antimicrobial activity function	C1321418	D000890		https://doi.org/10.1080/0972060X.2014.956675
14	Foeniculum vulgare	seed	seed	Antimicrobial activity function	C1321418	D000890		https://doi.org/10.1080/0972060X.2014.956675
15	Olax acuminata	leaf	leaf	antioxidant activity	C1148564	D000975		https://doi.org/10.1080/0972060X.2014.956807
16	Curcuma aromatica	leaf	leaf	Antifungal Agents	C0003308	D000935		https://doi.org/10.1080/0972-060X.2004.10643404
17	Syzygium grande	leaf	leaf	Antimicrobial activity function	C1321418	D000890		https://doi.org/10.1080/0972060X.2014.958572
18	Artemisia nilagirica	leaf	leaf	antioxidant activity	C1148564	D000975		https://doi.org/10.1080/0972060X.2014.960267
19	Corymbia citriodora	leaf	leaf	Cytotoxin	C0010868	D003603		https://doi.org/10.1080/0972060X.2015.1004119
20	Corymbia citriodora	leaf	leaf	Anti-Bacterial Agents	C0279516	D000900		https://doi.org/10.1080/0972060X.2015.1004119
21	Corymbia citriodora	leaf	leaf	Antifungal Agents	C0003308	D000935		https://doi.org/10.1080/0972060X.2015.1004119
22	Salvia officinalis	leaf	leaf	Anti-Bacterial Agents	C0279516	D000900		https://doi.org/10.1080/0972060X.2016.1211491
23	Betula utilis	bark	bark	Antimicrobial activity function	C1321418	D000890		https://doi.org/10.1080/0972060X.2015.1036569
24	Clausena indica	leaf	leaf	Anti-Bacterial Agents	C0279516	D000900		https://doi.org/10.1080/0972060X.2011.10644003
25	Justicia adhatoda	leaf	leaf	Antimicrobial activity function	C1321418	D000890		https://doi.org/10.1080/0972060X.2016.1260061
26	Leucas decemdentata	aerial part	aerial part	Anti-Bacterial Agents	C0279516	D000900		https://doi.org/10.1080/0972060X.2016.1262791
27	Alpinia haenkei	rhizome	rhizome	Anti-Inflammatory Agents	C0003209	D000893		https://doi.org/10.1080/0972060X.2017.1374216
28	Alpinia haenkei	rhizome	rhizome	Antipyretics	C0003419	D058633		https://doi.org/10.1080/0972060X.2017.1374216
29	Alpinia haenkei	rhizome	rhizome	Analgesics		D000700		https://doi.org/10.1080/0972060X.2017.1374216
30	Alpinia nigra	rhizome	rhizome	antioxidant activity	C1148564	D000975		https://doi.org/10.1080/0972060X.2017.1410452
31	Alpinia nigra	rhizome	rhizome	Antimicrobial activity function	C1321418	D000890		https://doi.org/10.1080/0972060X.2017.1410452
32	Combretum albidum	leaf	leaf	antioxidant activity	C1148564	D000975		https://doi.org/10.1080/0972060X.2017.1409659
33	Litchi chinensis	fruit	fruit	Anti-Bacterial Agents	C0279516	D000900		https://doi.org/10.1080/0972060X.2017.1417061
34	Zingiber officinale	rhizome	rhizome	antioxidant activity	C1148564	D000975		https://doi.org/10.1080/0972060X.2017.1417747
35	Trachyspermum ammi	seed	seed	Antifungal Agents	C0003308	D000935		https://doi.org/10.1080/0972060X.2008.10643607
36	Trachyspermum ammi	seed	seed	Anti-Bacterial Agents	C0279516	D000900		https://doi.org/10.1080/0972060X.2008.10643607
37	Artemisia vulgaris	leaf	leaf	antioxidant activity	C1148564	D000975		https://doi.org/10.1080/0972060X.2019.1602083
38	Artemisia vulgaris	leaf	leaf	Anti-Bacterial Agents	C0279516	D000900		https://doi.org/10.1080/0972060X.2019.1602083
39	Hyptis suaveolens	leaf	leaf	Anti-Bacterial Agents	C0279516	D000900		https://doi.org/10.1080/0972060X.2008.10643644
40	Aegle marmelos	leaf	leaf	Anticancer agents			XM9F82	https://doi.org/10.1080/0972060X.2019.1653796
41	Aegle marmelos	leaf	leaf	antioxidant activity	C1148564	D000975		https://doi.org/10.1080/0972060X.2019.1653796
42	Zanthoxylum armatum	bark	stem bark	antioxidant activity	C1148564	D000975		https://doi.org/10.1080/0972060X.2019.1630015
43	Zanthoxylum armatum	bark	stem bark	Anti-Bacterial Agents	C0279516	D000900		https://doi.org/10.1080/0972060X.2019.1630015
44	Zanthoxylum armatum	bark	stem bark	Anti-Inflammatory Agents	C0003209	D000893		https://doi.org/10.1080/0972060X.2019.1630015
45	Alpinia nigra	rhizome	rhizome	Anticancer agents			XM9F82	https://doi.org/10.1080/0972060X.2018.1524795
46	Alpinia nigra	leaf	leaf	immunostimulant				https://doi.org/10.1080/0972060X.2018.1524795
47	Selinum vaginatum	aerial part	aerial part	Anti-Bacterial Agents	C0279516	D000900		https://doi.org/10.1080/0972060X.2018.1543030
48	Selinum vaginatum	root	root	Anti-Bacterial Agents	C0279516	D000900		https://doi.org/10.1080/0972060X.2018.1543030
49	Foeniculum vulgare	seed	seed	Anti-Bacterial Agents	C0279516	D000900		https://doi.org/10.1080/0972060X.2008.10643683
50	Foeniculum vulgare	seed	seed	Antifungal Agents	C0003308	D000935		https://doi.org/10.1080/0972060X.2008.10643683
51	Hedychium coronarium	rhizome	rhizome	Antimicrobial activity function	C1321418	D000890		https://doi.org/10.1080/0972060X.2010.10643819
52	Hedychium spicatum	rhizome	rhizome	Antimicrobial activity function	C1321418	D000890		https://doi.org/10.1080/0972060X.2010.10643819
53	Valeriana jatamansi	whole plant	whole plant	Antimicrobial activity function	C1321418	D000890		https://doi.org/10.1080/0972060X.2011.10643596
54	Valeriana jatamansi	whole plant	whole plant	Anti-Inflammatory Agents	C0003209	D000893		https://doi.org/10.1080/0972060X.2011.10643596
55	Curcuma haritha	leaf	leaf	Anti-Bacterial Agents	C0279516	D000900		https://doi.org/10.1080/0972060X.2011.10643920
56	Curcuma haritha	leaf	leaf	Antifungal Agents	C0003308	D000935		https://doi.org/10.1080/0972060X.2011.10643920
57	Cinnamomum tamala	leaf	leaf	Anti-Bacterial Agents	C0279516	D000900		https://doi.org/10.1080/0972060X.2012.10644123
58	Cymbopogon flexuosus	flower	inflorescence	Antifungal Agents	C0003308	D000935		https://doi.org/10.1080/0972-060X.2004.10643370
59	Tagetes erecta	flower	flower	antioxidant activity	C1148564	D000975		https://doi.org/10.1080/0972060X.2013.794003
60	Plectranthus ovatus	aerial part	aerial part	Anti-Bacterial Agents	C0279516	D000900		https://doi.org/10.1080/0972060X.2013.794025
61	Plectranthus ovatus	aerial part	aerial part	Antifungal Agents	C0003308	D000935		https://doi.org/10.1080/0972060X.2013.794025
62	Cymbopogon distans	aerial part	aerial part	Anti-Bacterial Agents	C0279516	D000900		https://doi.org/10.1080/10412905.2017.1375035
63	Cymbopogon distans	aerial part	aerial part	Antifungal Agents	C0003308	D000935		https://doi.org/10.1080/10412905.2017.1375035
64	Litsea cubeba	fruit	fruit	Antimicrobial activity function	C1321418	D000890		https://doi.org/10.1080/10412905.2013.775081
65	Globba sessiliflora	rhizome	rhizome	antioxidant activity	C1148564	D000975		https://doi.org/10.1080/10412905.2012.692915
66	Globba sessiliflora	rhizome	rhizome	myorelaxant activity				https://doi.org/10.1080/10412905.2012.692915
67	Skimmia anquetilia	leaf	leaf	antioxidant activity	C1148564	D000975		https://doi.org/10.1080/10412905.2012.646034
68	Skimmia anquetilia	flower	flower	antioxidant activity	C1148564	D000975		https://doi.org/10.1080/10412905.2012.646034
69	Homalomena aromatica	rhizome	rhizome	Antifungal Agents	C0003308	D000935		https://doi.org/10.1002/1099-1026(200007/08)15:4<278::AID-FFJ913>3.0.CO;2-L
70	Zingiber officinale	rhizome	rhizome	Antifungal Agents	C0003308	D000935		https://doi.org/10.1002/ffj.1373
71	Zingiber officinale	rhizome	rhizome	antioxidant activity	C1148564	D000975		https://doi.org/10.1002/ffj.1373
72	Coriandrum sativum	seed	seed	antioxidant activity	C1148564	D000975		https://doi.org/10.1002/ffj.1608
73	Coriandrum sativum	seed	seed	Antifungal Agents	C0003308	D000935		https://doi.org/10.1002/ffj.1608
74	Curcuma longa	leaf	leaf	Antifungal Agents	C0003308	D000935		https://doi.org/10.1002/ffj.1780
75	Cymbopogon citratus	aerial part	aerial part	Antifungal Agents	C0003308	D000935		https://doi.org/10.1002/ffj.1835
76	Cymbopogon martini	whole plant	whole plant	Anti-Bacterial Agents	C0279516	D000900		https://doi.org/10.1080/10412905.2018.1429327
77	Lavandula bipinnata	leaf	leaf	Antimicrobial activity function	C1321418	D000890		https://doi.org/10.1016/j.foodchem.2009.05.032
78	Orthosiphon thymiflorus	leaf	leaf	antioxidant activity	C1148564	D000975		https://doi.org/10.1016/S2221-1691(12)60139-7
79	Neolitsea fischeri	leaf	leaf	Anti-Bacterial Agents	C0279516	D000900		https://doi.org/10.1080/10412905.2008.9700012
80	Neolitsea fischeri	fruit	fruit	Anti-Bacterial Agents	C0279516	D000900		https://doi.org/10.1080/10412905.2008.9700012
81	Zingiber chrysanthum	seed	seed	antioxidant activity	C1148564	D000975		https://doi.org/10.1080/0972060X.2019.1700828
82	Zingiber chrysanthum	seed	seed	Anti-Inflammatory Agents	C0003209	D000893		https://doi.org/10.1080/0972060X.2019.1700828
83	Zingiber chrysanthum	seed	seed	Anti-Bacterial Agents	C0279516	D000900		https://doi.org/10.1080/0972060X.2019.1700828
84	Cyathocline purpurea	root	root	Anti-Bacterial Agents	C0279516	D000900		https://pubmed.ncbi.nlm.nih.gov/23220198
85	Limonia acidissima	leaf	leaf	Antimicrobial activity function	C1321418	D000890		https://doi.org/10.1007/s12088-010-0052-7
86	Pleurospermum angelicoides	root	root	Antifungal Agents	C0003308	D000935		https://www.acgpubs.org/article/records-of-natural-products/2015/4-october-december/nothoapiole-and-asarone-rich-essential-oils-from-himalayan-pleurospermum-angelicoidesbenth
87	Pleurospermum angelicoides	flower	flower	Antifungal Agents	C0003308	D000935		https://www.acgpubs.org/article/records-of-natural-products/2015/4-october-december/nothoapiole-and-asarone-rich-essential-oils-from-himalayan-pleurospermum-angelicoidesbenth
88	Pleurospermum angelicoides	leaf	leaf	Antifungal Agents	C0003308	D000935		https://www.acgpubs.org/article/records-of-natural-products/2015/4-october-december/nothoapiole-and-asarone-rich-essential-oils-from-himalayan-pleurospermum-angelicoidesbenth
89	Pleurospermum angelicoides	flower	flower	antioxidant activity	C1148564	D000975		https://www.acgpubs.org/article/records-of-natural-products/2015/4-october-december/nothoapiole-and-asarone-rich-essential-oils-from-himalayan-pleurospermum-angelicoidesbenth
90	Pleurospermum angelicoides	root	root	antioxidant activity	C1148564	D000975		https://doi.org/10.1080/0972060X.2020.1815592
91	Pamburus missionis	leaf	leaf	Anti-Bacterial Agents	C0279516	D000900		https://pubmed.ncbi.nlm.nih.gov/19375495
92	Ajuga integrifolia	leaf	leaf	Anti-Bacterial Agents	C0279516	D000900		https://www.scholarsresearchlibrary.com/articles/chemical-investigation-of-medicinal-plant-ajuga-bracteosa.pdf
93	Callicarpa macrophylla	aerial part	aerial part	antioxidant activity	C1148564	D000975		https://doi.org/10.3390/medicines4030052
94	Callicarpa macrophylla	aerial part	aerial part	Antipyretics	C0003419	D058633		https://doi.org/10.3390/medicines4030052
95	Clausena pentaphylla	seed	seed	Antifungal Agents	C0003308	D000935		https://doi.org/10.1002/jsfa.5949
96	Tetrataenium aquilegifolium	fruit	fruit	antioxidant activity	C1148564	D000975		https://doi.org/10.1515/znc-2010-11-1204
97	Boswellia ovalifoliolata	bark	bark	Anti-Inflammatory Agents	C0003209	D000893		https://doi.org/10.1007/s11676-017-0457-9
98	Boswellia ovalifoliolata	leaf	leaf	Anti-Inflammatory Agents	C0003209	D000893		https://doi.org/10.1007/s11676-017-0457-9
99	Limonia acidissima	leaf	leaf	Antimicrobial activity function	C1321418	D000890		https://doi.org/10.1177/1934578X1100600134
100	Erigeron multiradiatus	aerial part	aerial part	Antileishmanial	C4551467			https://doi.org/10.1021/acsomega.9b02130
101	Mikania micrantha	flower	flower	Anti-Bacterial Agents	C0279516	D000900		https://doi.org/10.1007/s11696-020-01077-6
102	Mikania micrantha	flower	flower	Antifungal Agents	C0003308	D000935		https://doi.org/10.1007/s11696-020-01077-6
103	Mikania micrantha	flower	flower	Anticancer agents			XM9F82	https://doi.org/10.1007/s11696-020-01077-6
104	Leptodermis lanceolata	leaf	leaf	antioxidant activity	C1148564	D000975		https://doi.org/10.19080/JPCR.2017.04.555630
105	Platycladus orientalis	leaf	leaf	Antifungal Agents	C0003308	D000935		https://doi.org/10.1515/znc-2008-3-409
106	Momordica charantia	seed	seed	Antimicrobial activity function	C1321418	D000890		https://doi.org/10.1080/0972060X.2020.1741451
107	Cananga odorata	leaf	leaf	Anticancer agents			XM9F82	https://doi.org/10.1080/0972060X.2021.1957023
108	Cananga odorata	leaf	leaf	antioxidant activity	C1148564	D000975		https://doi.org/10.1080/0972060X.2021.1957023
109	Citrus limon	fruit	skin/peel	Anti-Inflammatory Agents	C0003209	D000893		https://pubmed.ncbi.nlm.nih.gov/29055721
110	Artemisia absinthium	leaf	leaf	Antimicrobial activity function	C1321418	D000890		https://doi.org/10.3109/13880209.2013.768676
111	Plectranthus barbatus	aerial part	aerial part	antioxidant activity	C1148564	D000975		https://doi.org/10.1080/0972060X.2021.1958701
112	Plectranthus barbatus	aerial part	aerial part	Anti-Inflammatory Agents	C0003209	D000893		https://doi.org/10.1080/0972060X.2021.1958701
113	Plectranthus barbatus	aerial part	aerial part	Anti-Bacterial Agents	C0279516	D000900		https://doi.org/10.1080/0972060X.2021.1958701
114	Plectranthus barbatus	aerial part	aerial part	Antifungal Agents	C0003308	D000935		https://doi.org/10.1080/0972060X.2021.1958701
115	Plectranthus barbatus	root	root	antioxidant activity	C1148564	D000975		https://doi.org/10.1080/0972060X.2021.1958701
116	Plectranthus barbatus	root	root	Anti-Inflammatory Agents	C0003209	D000893		https://doi.org/10.1080/0972060X.2021.1958701
117	Plectranthus barbatus	root	root	Anti-Bacterial Agents	C0279516	D000900		https://doi.org/10.1080/0972060X.2021.1958701
118	Plectranthus barbatus	root	root	Antifungal Agents	C0003308	D000935		https://doi.org/10.1080/0972060X.2021.1958701
119	Melaleuca decora	leaf	leaf	Anti-Bacterial Agents	C0279516	D000900		https://doi.org/10.1177/1934578X0800301033
120	Melaleuca decora	leaf	leaf	Antifungal Agents	C0003308	D000935		https://doi.org/10.1177/1934578X0800301033
121	Torilis japonica	aerial part	aerial part	Antimicrobial activity function	C1321418	D000890		https://www.researchgate.net/profile/Geeta-Tewari/publication/315512314_Terpenoid_composition_and_antimicrobial_activity_of_essential_oil_from_Torilis_japonica_Houtt_DC/links/58d337edaca2723c0a777cb7/Terpenoid-composition-and-antimicrobial-activity-of-essential-oil-from-Torilis-japonica-Houtt-DC.pdf
122	Corymbia maculata	leaf	leaf	Anti-Bacterial Agents	C0279516	D000900		https://doi.org/10.1080/0972060X.2020.1729248
123	Syzygium gardneri	leaf	leaf	Antifungal Agents	C0003308	D000935		https://doi.org/10.1080/10412905.2008.9699426
124	Syzygium gardneri	leaf	leaf	Anti-Bacterial Agents	C0279516	D000900		https://doi.org/10.1080/10412905.2008.9699426
125	Bunium bulbocastanum	fruit	fruit	antioxidant activity	C1148564	D000975		https://doi.org/10.1002/jsfa.3824
126	Meistera cannicarpa	fruit	fruit	Anti-Bacterial Agents	C0279516	D000900		https://pubmed.ncbi.nlm.nih.gov/19839139
127	Meistera cannicarpa	fruit	fruit	Antifungal Agents	C0003308	D000935		https://pubmed.ncbi.nlm.nih.gov/19839139
128	Plectranthus hadiensis	seed	seed	Anti-Bacterial Agents	C0279516	D000900		https://doi.org/10.25258/phyto.v9i2.8140
129	Pentacalia amplexicaulis	root	root	Antifungal Agents	C0003308	D000935		https://doi.org/10.1080/14786419.2015.1079910
130	Rhynchosia heynei	leaf	leaf	Antimicrobial activity function	C1321418	D000890		https://doi.org/10.3109/13880200902991573
131	Nepeta elliptica	aerial part	aerial part	Antifungal Agents	C0003308	D000935		https://doi.org/10.1016/j.indcrop.2014.02.003
132	Citrus maxima	leaf	leaf	Antifungal Agents	C0003308	D000935		https://doi.org/10.22376/ijpbs.2017.8.2.p149-155
133	Decalepis hamiltonii	root	root	Antimicrobial activity function	C1321418	D000890		https://pubmed.ncbi.nlm.nih.gov/12009977
134	Woodfordia fruticosa	leaf	leaf	Anti-Bacterial Agents	C0279516	D000900		https://www.scholarsresearchlibrary.com/abstract/the-antimicrobial-activity-of-essential-oil-and-plant-extracts-of-woodfordia-fruticosa-9780.html
135	Coriaria nepalensis	leaf	leaf	Antimicrobial activity function	C1321418	D000890		https://doi.org/10.1080/14786419.2010.529545
136	Plectranthus mollis	aerial part	aerial part	Antimicrobial activity function	C1321418	D000890		https://pubmed.ncbi.nlm.nih.gov/25102628
137	Datura stramonium	leaf	leaf	Anti-Inflammatory Agents	C0003209	D000893		https://doi.org/10.1007/s13205-020-02438-4
138	Datura stramonium	leaf	leaf	antioxidant activity	C1148564	D000975		https://doi.org/10.1007/s13205-020-02438-4
139	Datura stramonium	leaf	leaf	Immunomodulating Agents	C5544470	D000091369		https://doi.org/10.1007/s13205-020-02438-4
140	Nepeta hindostana	leaf	leaf	Anti-Bacterial Agents	C0279516	D000900		https://doi.org/10.1080/11263504.2018.1473301
141	Nepeta hindostana	stem	stem	Anti-Bacterial Agents	C0279516	D000900		https://doi.org/10.1080/11263504.2018.1473301
142	Nepeta hindostana	flower	flower	Anti-Bacterial Agents	C0279516	D000900		https://doi.org/10.1080/11263504.2018.1473301
143	Nepeta hindostana	aerial part	aerial part	Anti-Bacterial Agents	C0279516	D000900		https://doi.org/10.1080/11263504.2018.1473301
144	Nepeta hindostana	leaf	leaf	antioxidant activity	C1148564	D000975		https://doi.org/10.1080/11263504.2018.1473301
145	Nepeta hindostana	stem	stem	antioxidant activity	C1148564	D000975		https://doi.org/10.1080/11263504.2018.1473301
146	Nepeta hindostana	flower	flower	antioxidant activity	C1148564	D000975		https://doi.org/10.1080/11263504.2018.1473301
147	Nepeta hindostana	aerial part	aerial part	antioxidant activity	C1148564	D000975		https://doi.org/10.1080/11263504.2018.1473301
148	Nepeta hindostana	aerial part	aerial part	Anti-Bacterial Agents	C0279516	D000900		https://acgpubs.org/article/records-of-natural-products/2015/2-april-june/chemical-composition-antioxidant-and-antimicrobial-activities-of-the-essential-oil-of-nepeta-hindostana-roth-haines-from-india
149	Nepeta hindostana	aerial part	aerial part	Antifungal Agents	C0003308	D000935		https://acgpubs.org/article/records-of-natural-products/2015/2-april-june/chemical-composition-antioxidant-and-antimicrobial-activities-of-the-essential-oil-of-nepeta-hindostana-roth-haines-from-india
150	Nepeta hindostana	aerial part	aerial part	antioxidant activity	C1148564	D000975		https://acgpubs.org/article/records-of-natural-products/2015/2-april-june/chemical-composition-antioxidant-and-antimicrobial-activities-of-the-essential-oil-of-nepeta-hindostana-roth-haines-from-india
151	Erigeron bonariensis	aerial part	aerial part	Anti-Bacterial Agents	C0279516	D000900		https://mbsresearch.com/files/journals/IJRMBS1July4970.pdf
152	Tetrataenium rigens	leaf	leaf	antioxidant activity	C1148564	D000975		https://doi.org/10.22037/IJPR.2011.1020
153	Tetrataenium rigens	seed	seed	antioxidant activity	C1148564	D000975		https://doi.org/10.22037/IJPR.2011.1020
154	Tetrataenium rigens	rhizome	rhizome	antioxidant activity	C1148564	D000975		https://doi.org/10.22037/IJPR.2011.1020
155	Alstonia scholaris	flower	flower	Anti-Bacterial Agents	C0279516	D000900		https://doi.org/10.62029/jmaps.v42i4.Singh
156	Atalantia monophylla	leaf	leaf	antioxidant activity	C1148564	D000975		https://doi.org/10.4103/0974-8490.152009
157	Atalantia monophylla	leaf	leaf	Anti-Bacterial Agents	C0279516	D000900		https://doi.org/10.4103/0974-8490.152009
158	Barleria lupulina	leaf	leaf	Anti-Bacterial Agents	C0279516	D000900		https://doi.org/10.1080/10496475.2011.653711
159	Bergenia stracheyi	rhizome	rhizome	Antifungal Agents	C0003308	D000935		https://doi.org/10.22270/JDDT.V7I1.1365
160	Calotropis gigantea	flower	flower	Anti-Bacterial Agents	C0279516	D000900		https://bipublication.com/jabr_V4I4_biotechnology.html
161	Calotropis gigantea	flower	flower	Antifungal Agents	C0003308	D000935		https://bipublication.com/jabr_V4I4_biotechnology.html
162	Chaerophyllum villosum	leaf	leaf	antioxidant activity	C1148564	D000975		https://www.cabidigitallibrary.org/doi/full/10.5555/20133123210
163	Clausena anisata	leaf	leaf	Cytotoxin	C0010868	D003603		https://doi.org/10.14233/ajchem.2017.20775
164	Hedychium coccineum	rhizome	rhizome	antioxidant activity	C1148564	D000975		https://doi.org/10.14233/ajchem.2017.20701
165	Cyclospermum leptophyllum	aerial part	aerial part	Anti-Bacterial Agents	C0279516	D000900		https://doi.org/10.1080/22297928.2015.1090330
166	Laggera crispata	aerial part	aerial part	Anti-Bacterial Agents	C0279516	D000900		https://doi.org/10.1080/22297928.2015.1090330
167	Perilla frutescens	aerial part	aerial part	Anti-Bacterial Agents	C0279516	D000900		https://doi.org/10.1080/22297928.2015.1090330
168	Lindera pulcherrima	leaf	leaf	antioxidant activity	C1148564	D000975		https://pubmed.ncbi.nlm.nih.gov/22518079
169	Lindera pulcherrima	leaf	leaf	Anti-Bacterial Agents	C0279516	D000900		https://pubmed.ncbi.nlm.nih.gov/22518079
170	Litsea glutinosa	bark	stem bark	Anti-Bacterial Agents	C0279516	D000900		https://doi.org/10.22159/IJPPS.2016V8I12.13577
171	Litsea glutinosa	bark	stem bark	antioxidant activity	C1148564	D000975		https://doi.org/10.22159/IJPPS.2016V8I12.13577
172	Micromeria biflora	aerial part	aerial part	Anti-Inflammatory Agents	C0003209	D000893		https://doi.org/10.5897/JMPR2013.5069
173	Micromeria biflora	aerial part	aerial part	Analgesics		D000700		https://doi.org/10.5897/JMPR2013.5069
174	Micromeria biflora	aerial part	aerial part	Antipyretics	C0003419	D058633		https://doi.org/10.5897/JMPR2013.5069
175	Nepeta coerulescens	leaf	leaf	Anti-Bacterial Agents	C0279516	D000900		https://journals.indexcopernicus.com/search/article?articleId=1845648
176	Nepeta coerulescens	leaf	leaf	Antifungal Agents	C0003308	D000935		https://journals.indexcopernicus.com/search/article?articleId=1845648
177	Pentanema indicum	leaf	leaf	Antimicrobial activity function	C1321418	D000890		https://doi.org/10.3923/JPT.2006.134.138
178	Picea smithiana	leaf	leaf	Antifungal Agents	C0003308	D000935		https://doi.org/10.47739/2475-9392/1012
179	Premna mollissima	leaf	leaf	Anti-Inflammatory Agents	C0003209	D000893		https://sanad.iau.ir/journal/tpr/Article/669676?jid=669676
180	Premna mollissima	leaf	leaf	Anti-Bacterial Agents	C0279516	D000900		https://sanad.iau.ir/journal/tpr/Article/669676?jid=669676
181	Premna mollissima	leaf	leaf	antioxidant activity	C1148564	D000975		https://sanad.iau.ir/journal/tpr/Article/669676?jid=669676
182	Swertia cordata	aerial part	aerial part	Antifungal Agents	C0003308	D000935		https://doi.org/10.2174/2210315511303010012
183	Swertia cordata	aerial part	aerial part	Anti-Bacterial Agents	C0279516	D000900		https://doi.org/10.2174/2210315511303010012
184	Zaleya decandra	aerial part	aerial part	Antimicrobial activity function	C1321418	D000890		https://doi.org/10.1016/j.jopr.2012.11.022
185	Zaleya decandra	aerial part	aerial part	antioxidant activity	C1148564	D000975		https://doi.org/10.1016/j.jopr.2012.11.022
186	Wrightia tinctoria	leaf	leaf	Antimicrobial activity function	C1321418	D000890		https://ijapr.in/index.php/ijapr/article/view/269#:~:text=Abstract-,Wrightia%20tinctoria%20R.Br.,psoriasis%20and%20other%20skin%20diseases.
187	Inula cappa	aerial part	aerial part	Anti-Bacterial Agents	C0279516	D000900		https://doi.org/10.1080/10412905.2015.1090935
188	Anaphalis nepalensis	aerial part	aerial part	Antimicrobial activity function	C1321418	D000890		https://pubmed.ncbi.nlm.nih.gov/19731610
189	Anaphalis triplinervis	aerial part	aerial part	Anti-Bacterial Agents	C0279516	D000900		https://doi.org/10.1007/s10600-019-02800-w
190	Anisomeles indica	flower	flower	Anti-Bacterial Agents	C0279516	D000900		https://pubmed.ncbi.nlm.nih.gov/22556867
191	Anisomeles indica	flower	flower	Antifungal Agents	C0003308	D000935		https://pubmed.ncbi.nlm.nih.gov/22556867
192	Anisomeles indica	leaf	leaf	Antifungal Agents	C0003308	D000935		https://doi.org/10.5897/2013.2580
193	Anisomeles indica	leaf	leaf	antioxidant activity	C1148564	D000975		https://doi.org/10.5897/2013.2580
194	Agrimonia pilosa	aerial part	aerial part	Anti-Bacterial Agents	C0279516	D000900		https://doi.org/10.7598/cst2018.1513
195	Chloroxylon swietenia	leaf	leaf	Antifungal Agents	C0003308	D000935		https://doi.org/10.1080/10412905.2013.782472
196	Chloroxylon swietenia	leaf	leaf	Cytotoxin	C0010868	D003603		https://doi.org/10.1080/10412905.2013.782472
197	Gymnema sylvestre	leaf	leaf	Antimicrobial activity function	C1321418	D000890		https://doi.org/10.1080/10412905.2011.9700451
198	Gymnema sylvestre	leaf	leaf	antioxidant activity	C1148564	D000975		https://doi.org/10.1080/10412905.2011.9700451
199	Inula cappa	aerial part	aerial part	Anti-Bacterial Agents	C0279516	D000900		https://doi.org/10.1080/10412905.2015.1090935
200	Limnophila repens	aerial part	aerial part	Anti-Bacterial Agents	C0279516	D000900		https://doi.org/10.3109/13880209109082868
201	Limnophila repens	aerial part	aerial part	Antifungal Agents	C0003308	D000935		https://doi.org/10.3109/13880209109082868
202	Limnophila repens	aerial part	aerial part	Antihelmintics	C0003158	D000871	XM4EC0	https://doi.org/10.3109/13880209109082868
203	Limnophila repens	aerial part	aerial part	Anti-Inflammatory Agents	C0003209	D000893		https://doi.org/10.3109/13880209109082868
204	Limnophila repens	aerial part	aerial part	wound healing activity				https://doi.org/10.3109/13880209109082868
205	Heptapleurum stellatum	leaf	leaf	Antifungal Agents	C0003308	D000935		https://doi.org/10.1080/10412905.2008.9699428
206	Ainsliaea aptera	aerial part	aerial part	Anti-Bacterial Agents	C0279516	D000900		https://doi.org/10.1080/0972060X.2021.1951361
207	Ainsliaea aptera	aerial part	aerial part	Antifungal Agents	C0003308	D000935		https://doi.org/10.1080/0972060X.2021.1951361
208	Scutellaria repens	aerial part	aerial part	Anti-Bacterial Agents	C0279516	D000900		https://doi.org/10.1080/10412905.2013.782474
209	Pittosporum viridulum	leaf	leaf	Anti-Bacterial Agents	C0279516	D000900		https://doi.org/10.1080/10412905.2007.9699338
210	Pittosporum viridulum	fruit	fruit	Anti-Bacterial Agents	C0279516	D000900		https://doi.org/10.1080/10412905.2007.9699338
211	Platostoma hispidum	aerial part	aerial part	Anti-Bacterial Agents	C0279516	D000900		https://doi.org/10.1080/0972060X.2021.2013324
212	Platostoma hispidum	aerial part	aerial part	Cytotoxin	C0010868	D003603		https://doi.org/10.1080/0972060X.2021.2013324
213	Eugenia rottleriana	leaf	leaf	Anti-Bacterial Agents	C0279516	D000900		https://doi.org/10.1080/10412905.2007.9699337
214	Nepeta coerulescens	leaf	leaf	Anti-Bacterial Agents	C0279516	D000900		https://doi.org/10.1080/22311866.2021.1887762
215	Nepeta coerulescens	leaf	leaf	Antifungal Agents	C0003308	D000935		https://doi.org/10.1080/22311866.2021.1887762
216	Pittosporum neelgherrense	leaf	leaf	Anti-Bacterial Agents	C0279516	D000900		https://doi.org/10.1080/10412905.2008.9700035
217	Pittosporum neelgherrense	fruit	fruit	Anti-Bacterial Agents	C0279516	D000900		https://doi.org/10.1080/10412905.2008.9700035
218	Meistera cannicarpa	leaf	leaf	Antimicrobial activity function	C1321418	D000890		https://doi.org/10.1080/10412905.2006.9699379
219	Amomum hypoleucum	rhizome	rhizome	Anti-Bacterial Agents	C0279516	D000900		https://doi.org/10.1080/10412905.2007.9699280
220	Amomum hypoleucum	leaf	leaf	Anti-Bacterial Agents	C0279516	D000900		https://doi.org/10.1080/10412905.2007.9699280
221	Ligularia amplexicaulis	aerial part	aerial part	Anti-Bacterial Agents	C0279516	D000900		https://doi.org/10.1080/10412905.2018.1427636
222	Nepeta erecta	aerial part	aerial part	antioxidant activity	C1148564	D000975		https://doi.org/10.1080/14786419.2010.531393
223	Neolitsea foliosa	leaf	leaf	Anti-Bacterial Agents	C0279516	D000900		https://doi.org/10.1080/10412905.2007.9699962
224	Alpinia oceanica	flower	flower	antioxidant activity	C1148564	D000975		https://doi.org/10.1080/10412905.2010.9700270
225	Alpinia oceanica	aerial part	aerial part	antioxidant activity	C1148564	D000975		https://doi.org/10.1080/10412905.2010.9700270
226	Alpinia oceanica	flower	flower	Antimicrobial activity function	C1321418	D000890		https://doi.org/10.1080/10412905.2010.9700270
227	Alpinia oceanica	aerial part	aerial part	Antimicrobial activity function	C1321418	D000890		https://doi.org/10.1080/10412905.2010.9700270
228	Pseudocaryopteris foetida	leaf	leaf	antioxidant activity	C1148564	D000975		http://op.niscpr.res.in/index.php/IJNPR/article/view/38172
229	Pseudocaryopteris foetida	stem	stem	antioxidant activity	C1148564	D000975		http://op.niscpr.res.in/index.php/IJNPR/article/view/38172
230	Pseudocaryopteris foetida	leaf	leaf	Anti-Inflammatory Agents	C0003209	D000893		http://op.niscpr.res.in/index.php/IJNPR/article/view/38172
231	Pseudocaryopteris foetida	stem	stem	Anti-Inflammatory Agents	C0003209	D000893		http://op.niscpr.res.in/index.php/IJNPR/article/view/38172
232	Pseudocaryopteris foetida	seed	seed	Anti-Inflammatory Agents	C0003209	D000893		http://op.niscpr.res.in/index.php/IJNPR/article/view/38172
233	Pseudocaryopteris foetida	leaf	leaf	Anti-Bacterial Agents	C0279516	D000900		http://op.niscpr.res.in/index.php/IJNPR/article/view/38172
234	Artemisia indica	aerial part	aerial part	Antimicrobial activity function	C1321418	D000890		https://doi.org/10.1016/j.foodchem.2012.10.102
235	Artemisia indica	aerial part	aerial part	Anticancer agents			XM9F82	https://doi.org/10.1016/j.foodchem.2012.10.102
236	Artemisia indica	aerial part	aerial part	antioxidant activity	C1148564	D000975		https://doi.org/10.1016/j.foodchem.2012.10.102
237	Limnophila indica	aerial part	aerial part	antioxidant activity	C1148564	D000975		https://www.phytojournal.com/archives/2019.v8.i1.7005/chemical-composition-ltemgtin-vitroltemgt-antioxidant-anti-inflammatory-and-antifeedant-properties-in-the-essential-oil-of-asian-marsh-weed-ltemgtlimnophila-indicaltemgt-l-druce
238	Limnophila indica	aerial part	aerial part	Anti-Inflammatory Agents	C0003209	D000893		https://www.phytojournal.com/archives/2019.v8.i1.7005/chemical-composition-ltemgtin-vitroltemgt-antioxidant-anti-inflammatory-and-antifeedant-properties-in-the-essential-oil-of-asian-marsh-weed-ltemgtlimnophila-indicaltemgt-l-druce
239	Annona squamosa	bark	bark	Anti-Bacterial Agents	C0279516	D000900		https://doi.org/10.1080/14786410500138823
240	Malus domestica	leaf	leaf	Antimicrobial activity function	C1321418	D000890		https://doi.org/10.1155/2012/649727
241	Malus domestica	leaf	leaf	Anti-Inflammatory Agents	C0003209	D000893		https://doi.org/10.1155/2012/649727
242	Malus domestica	leaf	leaf	Anticancer agents			XM9F82	https://doi.org/10.1155/2012/649727
243	Cinnamomum tamala	leaf	leaf	antioxidant activity	C1148564	D000975		https://doi.org/10.1080/14786419.2012.668691
244	Pimenta dioica	leaf	leaf	antioxidant activity	C1148564	D000975		https://doi.org/10.1080/14786419.2012.668691
245	Cotinus coggygria	leaf	leaf	antioxidant activity	C1148564	D000975		https://ijppr.com/volume8issue7/
246	Cotinus coggygria	leaf	leaf	Anti-Bacterial Agents	C0279516	D000900		https://ijppr.com/volume8issue7/
247	Tetrataenium rigens	seed	seed	Antimicrobial activity function	C1321418	D000890		https://doi.org/10.1177/1934578X1200700737
248	Heptapleurum venulosum	leaf	leaf	antioxidant activity	C1148564	D000975		https://doi.org/10.1007/s10600-021-03573-x
249	Chloroxylon swietenia	leaf	leaf	Anti-Bacterial Agents	C0279516	D000900		https://doi.org/10.1007/s11274-008-9693-7
250	Chloroxylon swietenia	leaf	leaf	Antifungal Agents	C0003308	D000935		https://doi.org/10.1007/s11274-008-9693-7
251	Anisomeles malabarica	aerial part	aerial part	Anti-Bacterial Agents	C0279516	D000900		https://doi.org/10.1016/S0975-3575(11)80026-X
252	Anisomeles indica	aerial part	aerial part	Anti-Bacterial Agents	C0279516	D000900		https://doi.org/10.1016/S0975-3575(11)80026-X
253	Myrica esculenta	bark	stem bark	Antimicrobial activity function	C1321418	D000890		https://doi.org/10.1080/14786419.2011.652959
254	Acorus calamus	rhizome	rhizome	Sedative mixed	C0036557	D006993	XM5YQ4	Vol-1, P-200, RIMP
255	Acorus calamus	rhizome	rhizome	Tranquilizing Agents	C0040614	D014149		Vol-1, P-200, RIMP
256	Acorus calamus	rhizome	rhizome	Adrenergic Antagonists	C0242889	D018674		Vol-1, P-201, RIMP
257	Acorus calamus	rhizome	rhizome	Antispasmodics	C0037766	D010276		Vol-1, P-204, RIMP
258	Acorus calamus	rhizome	rhizome	Anti-Bacterial Agents	C0279516	D000900		Vol-1, P-206, RIMP
260	Acorus calamus	rhizome	rhizome	Antinematodal Agents	C0003391			Vol-1, P-208, RIMP
261	Aegle marmelos	leaf	leaf	Antifungal Agents	C0003308	D000935		Vol-1, P-324, RIMP
262	Ageratum conyzoides	stem	stem	Antinematodal Agents	C0003391			Vol-1, P-382, RIMP
263	Ageratum conyzoides	leaf	leaf	Antinematodal Agents	C0003391			Vol-1, P-382, RIMP
264	Alpinia galanga	rhizome	rhizome	Anti-Bacterial Agents	C0279516	D000900		Vol-2, P-124, RIMP
265	Alpinia galanga	rhizome	rhizome	Antituberculars	C0003448	D000995	XM6DX3	Vol-2, P-124, RIMP
266	Alpinia galanga	rhizome	rhizome	Fungistat	C1529011			Vol-2, P-124, RIMP
267	Anethum graveolens	seed	seed	Anti-Bacterial Agents	C0279516	D000900		Vol-2, P-320, RIMP
268	Anethum graveolens	seed	seed	Antifungal Agents	C0003308	D000935		Vol-2, P-320, RIMP
269	Anethum graveolens	seed	seed	Fungistat	C1529011			Vol-2, P-320, RIMP
270	Anethum graveolens	seed	seed	Anti-Bacterial Agents	C0279516	D000900		Vol-2, P-321, RIMP
271	Anethum graveolens	seed	seed	Antifungal Agents	C0003308	D000935		Vol-2, P-321, RIMP
272	Anethum graveolens	seed	seed	Antinematodal Agents	C0003391			Vol-2, P-322, RIMP
273	Anethum graveolens	whole plant	herb	Antinematodal Agents	C0003391			Vol-2, P-322, RIMP
274	Apium graveolens	seed	seed	Tranquilizing Agents	C0040614	D014149		Vol-2, P-422, RIMP
275	Apium graveolens	seed	seed	Antifungal Agents	C0003308	D000935		Vol-2, P-423, RIMP
276	Artemisia absinthium	leaf	leaf	Anti-Bacterial Agents	C0279516	D000900		Vol-3, P-148, RIMP
277	Artemisia nilagirica	leaf	leaf	Anti-Bacterial Agents	C0279516	D000900		Vol-3, P-158, RIMP
278	Artemisia nilagirica	leaf	leaf	Antifungal Agents	C0003308	D000935		Vol-3, P-158, RIMP
279	Artemisia nilagirica	leaf	leaf	Antifungal Agents	C0003308	D000935		Vol-3, P-159, RIMP
280	Artemisia nilagirica	aerial part	aerial part	Anti-Bacterial Agents	C0279516	D000900		Vol-3, P-159, RIMP
281	Artemisia nilagirica	aerial part	aerial part	Antifungal Agents	C0003308	D000935		Vol-3, P-159, RIMP
282	Artemisia pallens	aerial part	aerial part	Anti-Bacterial Agents	C0279516	D000900		Vol-3, P-160, RIMP
283	Artemisia pallens	aerial part	aerial part	Antifungal Agents	C0003308	D000935		Vol-3, P-160, RIMP
284	Blumea eriantha	leaf	leaf	Anti-Bacterial Agents	C0279516	D000900		Vol-4, P-263, RIMP
285	Boswellia serrata	plant exudate	resin/gum	Anti-Bacterial Agents	C0279516	D000900		Vol-4, P-355, RIMP
286	Boswellia serrata	plant exudate	resin/gum	Antifungal Agents	C0003308	D000935		Vol-4, P-355, RIMP
287	Boswellia serrata	plant exudate	resin/gum	Antihelmintics	C0003158	D000871	XM4EC0	Vol-4, P-356, RIMP
288	Callicarpa macrophylla	leaf	leaf	Antifungal Agents	C0003308	D000935		Vol-5, P-116, RIMP
289	Melaleuca citrina	leaf	leaf	Anti-Bacterial Agents	C0279516	D000900		Vol-5, P-124, RIMP
291	Melaleuca citrina	leaf	leaf	Antifungal Agents	C0003308	D000935		Vol-5, P-125, RIMP
292	Melaleuca citrina	leaf	leaf	Fungistat	C1529011			Vol-5, P-125, RIMP
293	Melaleuca viminalis	leaf	leaf	Antihelmintics	C0003158	D000871	XM4EC0	Vol-5, P-127, RIMP
294	Cedrus deodara	wood	wood	Anti-Inflammatory Agents	C0003209	D000893		Vol-5, P-893, RIMP
295	Cedrus deodara	wood	wood	type iii hypersensitivity inhibition				Vol-5, P-893, RIMP
296	Cedrus deodara	wood	wood	type iv hypersensitivity inhibition				Vol-5, P-893, RIMP
297	Cedrus deodara	wood	wood	Analgesics		D000700		Vol-5, P-893, RIMP
298	Cedrus deodara	wood	wood	Sedative mixed	C0036557	D006993	XM5YQ4	Vol-5, P-893, RIMP
299	Cedrus deodara	wood	wood	motor coordinating activity				Vol-5, P-893, RIMP
300	Cedrus deodara	wood	wood	Antifungal Agents	C0003308	D000935		Vol-5, P-895, RIMP
301	Cedrus deodara	wood	wood	Antinematodal Agents	C0003391			Vol-5, P-896, RIMP
302	Celastrus paniculatus	seed	seed	Anticonvulsant specified	C0003286	D000927	XM80V1	Vol-5, P-922, RIMP
303	Celastrus paniculatus	seed	seed	Anti-Inflammatory Agents	C0003209	D000893		Vol-5, P-924, RIMP
304	Celastrus paniculatus	seed	seed	Anti-Bacterial Agents	C0279516	D000900		Vol-5, P-925, RIMP
307	Cinnamomum camphora	leaf	leaf	Antifungal Agents	C0003308	D000935		Vol-6, P-322, RIMP
308	Cinnamomum tamala	leaf	leaf	Anti-Bacterial Agents	C0279516	D000900		Vol-6, P-325, RIMP
309	Cinnamomum tamala	leaf	leaf	Antihelmintics	C0003158	D000871	XM4EC0	Vol-6, P-327, RIMP
310	Cinnamomum tamala	leaf	leaf	Antinematodal Agents	C0003391			Vol-6, P-327, RIMP
311	Citrus aurantium	fruit	fruit	Anti-Bacterial Agents	C0279516	D000900		Vol-6, P-501, RIMP
312	Citrus limon	fruit	fruit	Anti-Bacterial Agents	C0279516	D000900		Vol-6, P-503, RIMP
313	Citrus limon	leaf	leaf	Antifungal Agents	C0003308	D000935		Vol-6, P-504, RIMP
314	Citrus limon	fruit	fruit	Antifungal Agents	C0003308	D000935		Vol-6, P-504, RIMP
315	Citrus aurantium	fruit	fruit	Anti-Bacterial Agents	C0279516	D000900		Vol-6, P-510, RIMP
316	Citrus aurantium	fruit	fruit	Antifungal Agents	C0003308	D000935		Vol-6, P-511, RIMP
317	Coriandrum sativum	whole plant	herb	Anti-Bacterial Agents	C0279516	D000900		Vol-7, P-617, RIMP
318	Coriandrum sativum	seed	seed	Anti-Bacterial Agents	C0279516	D000900		Vol-7, P-617, RIMP
319	Coriandrum sativum	seed	seed	Antifungal Agents	C0003308	D000935		Vol-7, P-618, RIMP
320	Cuminum cyminum	seed	seed	Anti-Bacterial Agents	C0279516	D000900		Vol-8, P-259, RIMP
321	Cupressus torulosa	leaf	leaf	Anti-Bacterial Agents	C0279516	D000900		Vol-8, P-283, RIMP
322	Curcuma amada	rhizome	rhizome	Anti-Bacterial Agents	C0279516	D000900		Vol-8, P-341, RIMP
323	Curcuma amada	leaf	leaf	Antifungal Agents	C0003308	D000935		Vol-8, P-341, RIMP
324	Curcuma amada	rhizome	rhizome	Antifungal Agents	C0003308	D000935		Vol-8, P-342, RIMP
325	Curcuma amada	rhizome	rhizome	Antinematodal Agents	C0003391			Vol-8, P-342, RIMP
326	Curcuma angustifolia	rhizome	rhizome	Anti-Bacterial Agents	C0279516	D000900		Vol-8, P-343, RIMP
327	Curcuma angustifolia	rhizome	rhizome	Antifungal Agents	C0003308	D000935		Vol-8, P-343, RIMP
328	Curcuma aromatica	rhizome	rhizome	Anti-Bacterial Agents	C0279516	D000900		Vol-8, P-345, RIMP
329	Curcuma aromatica	rhizome	rhizome	Antifungal Agents	C0003308	D000935		Vol-8, P-345, RIMP
330	Curcuma caesia	rhizome	rhizome	Anti-Bacterial Agents	C0279516	D000900		Vol-8, P-346, RIMP
331	Curcuma caesia	rhizome	rhizome	Antifungal Agents	C0003308	D000935		Vol-8, P-346, RIMP
332	Curcuma longa	leaf	leaf	Anti-Inflammatory Agents	C0003209	D000893		Vol-8, P-348, RIMP
333	Curcuma longa	leaf	leaf	Anti-Bacterial Agents	C0279516	D000900		Vol-8, P-364, RIMP
334	Curcuma longa	leaf	leaf	Bactericidal activity	C0544570			Vol-8, P-365, RIMP
335	Curcuma longa	rhizome	rhizome	Bactericidal activity	C0544570			Vol-8, P-365, RIMP
336	Curcuma longa	rhizome	rhizome	Anti-Bacterial Agents	C0279516	D000900		Vol-8, P-366, RIMP
337	Curcuma longa	leaf	leaf	Antifungal Agents	C0003308	D000935		Vol-8, P-367, RIMP
338	Curcuma longa	leaf	leaf	Fungicide	C1321381		XM83G4	Vol-8, P-368, RIMP
339	Curcuma longa	rhizome	rhizome	Fungicide	C1321381		XM83G4	Vol-8, P-368, RIMP
340	Curcuma zedoaria	rhizome	rhizome	Carminative			XM5TC9	Vol-8, P-372, RIMP
341	Curcuma zedoaria	rhizome	rhizome	Anti-Bacterial Agents	C0279516	D000900		Vol-8, P-373, RIMP
342	Curcuma zedoaria	leaf	leaf	Antifungal Agents	C0003308	D000935		Vol-8, P-374, RIMP
343	Curcuma zedoaria	rhizome	rhizome	Antifungal Agents	C0003308	D000935		Vol-8, P-374, RIMP
344	Cymbopogon citratus	leaf	leaf	Cytotoxin	C0010868	D003603		Vol-8, P-565, RIMP
345	Cymbopogon citratus	leaf	leaf	Anti-Bacterial Agents	C0279516	D000900		Vol-8, P-565, RIMP
346	Cymbopogon citratus	leaf	leaf	Antifungal Agents	C0003308	D000935		Vol-8, P-524, RIMP
347	Cymbopogon citratus	leaf	leaf	Antiviral Agents	C0003451	D000998		Vol-8, P-567, RIMP
348	Cymbopogon jwarancusa	leaf	leaf	Anti-Bacterial Agents	C0279516	D000900		Vol-8, P-571, RIMP
349	Cymbopogon martini	leaf	leaf	Antifungal Agents	C0003308	D000935		Vol-8, P-573, RIMP
350	Cymbopogon martini	leaf	leaf	Antihelmintics	C0003158	D000871	XM4EC0	Vol-8, P-574, RIMP
351	Decalepis hamiltonii	root	root	Antimicrobial activity function	C1321418	D000890		Vol-9, P-198, RIMP
352	Elettaria cardamomum	fruit	fruit	Anti-Bacterial Agents	C0279516	D000900		Vol-10, P-187, RIMP
353	Elettaria cardamomum	fruit	fruit	Antifungal Agents	C0003308	D000935		Vol-10, P-188, RIMP
354	Elsholtzia fruticosa	leaf	leaf	Anti-Bacterial Agents	C0279516	D000900		Vol-10, P-247, RIMP
355	Elsholtzia fruticosa	leaf	leaf	Antifungal Agents	C0003308	D000935		Vol-10, P-247, RIMP
356	Eucalyptus globulus	leaf	leaf	Anti-Bacterial Agents	C0279516	D000900		Vol-10, P-757, RIMP
357	Limonia acidissima	leaf	leaf	Anti-Bacterial Agents	C0279516	D000900		Vol-11, P-80, RIMP
358	Limonia acidissima	leaf	leaf	Antifungal Agents	C0003308	D000935		Vol-11, P-81, RIMP
359	Limonia acidissima	leaf	leaf	Antihelmintics	C0003158	D000871	XM4EC0	Vol-11, P-82, RIMP
360	Hedychium coronarium	rhizome	rhizome	Anti-Bacterial Agents	C0279516	D000900		Vol-12, P-106, RIMP
361	Hedychium coronarium	rhizome	rhizome	Antifungal Agents	C0003308	D000935		Vol-12, P-106, RIMP
362	Hedychium coronarium	rhizome	rhizome	Antihelmintics	C0003158	D000871	XM4EC0	Vol-12, P-107, RIMP
363	Hedychium larsenii	rhizome	rhizome	Anti-Bacterial Agents	C0279516	D000900		Vol-12, P-107, RIMP
364	Hedychium spicatum	rhizome	rhizome	Tranquilizing Agents	C0040614	D014149		Vol-12, P-109, RIMP
365	Hedychium spicatum	rhizome	rhizome	Antifungal Agents	C0003308	D000935		Vol-12, P-113, RIMP
366	Hedychium spicatum	rhizome	rhizome	Antihelmintics	C0003158	D000871	XM4EC0	Vol-12, P-114, RIMP
367	Hedychium spicatum	rhizome	rhizome	Pediculicide [EPC- FDA SPL established pharmacologic class]	C3536707			Vol-12, P-114, RIMP
368	Tetrataenium aquilegifolium	fruit	fruit	antioxidant activity	C1148564	D000975		Vol-12, P-383, RIMP
369	Tetrataenium rigens	seed	seed	Anti-Bacterial Agents	C0279516	D000900		Vol-12, P-386, RIMP
370	Semenovia thomsonii	aerial part	aerial part	Anti-Bacterial Agents	C0279516	D000900		Vol-12, P-387, RIMP
371	Semenovia thomsonii	aerial part	aerial part	Antifungal Agents	C0003308	D000935		Vol-12, P-388, RIMP
372	Homalomena aromatica	rhizome	rhizome	Antifungal Agents	C0003308	D000935		Vol-12, P-726, RIMP
373	Hyptis suaveolens	leaf	leaf	Anti-Inflammatory Agents	C0003209	D000893		Vol-12, P-1038, RIMP
374	Inula cuspidata	leaf	leaf	Antifungal Agents	C0003308	D000935		Vol-13, P-139, RIMP
375	Inula racemosa	root	root	Anti-Bacterial Agents	C0279516	D000900		Vol-13, P-144, RIMP
376	Inula racemosa	root	root	Antifungal Agents	C0003308	D000935		Vol-13, P-145, RIMP
377	Inula racemosa	root	root	Antihelmintics	C0003158	D000871	XM4EC0	Vol-13, P-145, RIMP
378	Jasminum sambac	flower	flower	Anti-Bacterial Agents	C0279516	D000900		Vol-13, P-384, RIMP
379	Jatropha curcas	leaf	leaf	Antifungal Agents	C0003308	D000935		Vol-13, P-423, RIMP
380	Juniperus communis	leaf	leaf	Fungistat	C1529011			Vol-13, P-493, RIMP
381	Juniperus communis	leaf	leaf	Fungicide	C1321381		XM83G4	Vol-13, P-493, RIMP
382	Juniperus communis	leaf	leaf	Antifungal Agents	C0003308	D000935		Vol-13, P-493, RIMP
383	Lantana indica	leaf	leaf	Antifungal Agents	C0003308	D000935		Vol-14, P-137, RIMP
384	Lavandula angustifolia	flower	flower	Anxiolytics [TC-therapeutic category]	C4722091	D014151		Vol-14, P-233, RIMP
385	Lavandula angustifolia	flower	flower	Anti-Bacterial Agents	C0279516	D000900		Vol-14, P-234, RIMP
386	Lavandula bipinnata	leaf	leaf	antioxidant activity	C1148564	D000975		Vol-14, P-234, RIMP
387	Lavandula bipinnata	leaf	leaf	Anti-Bacterial Agents	C0279516	D000900		Vol-14, P-235, RIMP
388	Lavandula bipinnata	leaf	leaf	Antifungal Agents	C0003308	D000935		Vol-14, P-235, RIMP
389	Leucas aspera	leaf	leaf	Antifungal Agents	C0003308	D000935		Vol-14, P-461, RIMP
390	Lindera pulcherrima	leaf	leaf	antioxidant activity	C1148564	D000975		Vol-14, P-570, RIMP
391	Lindera pulcherrima	leaf	leaf	Anti-Bacterial Agents	C0279516	D000900		Vol-14, P-570, RIMP
392	Litsea cubeba	fruit	fruit	Antifungal Agents	C0003308	D000935		Vol-14, P-655, RIMP
394	Melaleuca leucadendra	leaf	leaf	Antifungal Agents	C0003308	D000935		Vol-15, P-564, RIMP
395	Mesua ferrea	flower	flower	Anti-Bacterial Agents	C0279516	D000900		Vol-15, P-938, RIMP
396	Myrica esculenta	bark	stem bark	Anti-Bacterial Agents	C0279516	D000900		Vol-16, P-1004, RIMP
397	Myrica esculenta	bark	stem bark	Antifungal Agents	C0003308	D000935		Vol-16, P-1004, RIMP
398	Myristica fragrans	leaf	leaf	Anticancer agents			XM9F82	Vol-16, P-1063, RIMP
399	Neolitsea fischeri	leaf	leaf	Anti-Bacterial Agents	C0279516	D000900		Vol-17, P-171, RIMP
400	Neolitsea fischeri	fruit	fruit	Anti-Bacterial Agents	C0279516	D000900		Vol-17, P-171, RIMP
401	Neolitsea pallens	leaf	leaf	antioxidant activity	C1148564	D000975		Vol-17, P-171, RIMP
402	Neolitsea pallens	leaf	leaf	Anti-Bacterial Agents	C0279516	D000900		Vol-17, P-171, RIMP
403	Nepeta ciliaris	aerial part	aerial part	Antifungal Agents	C0003308	D000935		Vol-17, P-213, RIMP
404	Nepeta clarkei	aerial part	aerial part	Anti-Bacterial Agents	C0279516	D000900		Vol-17, P-214, RIMP
405	Nepeta coerulescens	leaf	leaf	Antimicrobial activity function	C1321418	D000890		Vol-17, P-214, RIMP
406	Nepeta hindostana	leaf	leaf	Fungicide	C1321381		XM83G4	Vol-17, P-219, RIMP
407	Ocimum kilimandscharicum	leaf	leaf	antioxidant activity	C1148564	D000975		Vol-18, P-175, RIMP
408	Ocimum tenuiflorum	aerial part	aerial part	Cytotoxin	C0010868	D003603		Vol-18, P-187, RIMP
409	Origanum vulgare	aerial part	aerial part	antioxidant activity	C1148564	D000975		Vol-18, P-591, RIMP
410	Origanum vulgare	leaf	leaf	Anti-Bacterial Agents	C0279516	D000900		Vol-18, P-592, RIMP
411	Origanum vulgare	aerial part	aerial part	Antifungal Agents	C0003308	D000935		Vol-18, P-593, RIMP
412	Orthosiphon thymiflorus	leaf	leaf	antioxidant activity	C1148564	D000975		Vol-18, P-676, RIMP
413	Pelargonium graveolens	leaf	leaf	Anti-Inflammatory Agents	C0003209	D000893		Vol-19, P-634, RIMP
414	Pelargonium graveolens	leaf	leaf	Antifungal Agents	C0003308	D000935		Vol-19, P-636, RIMP
415	Pentanema indicum	leaf	leaf	Anti-Bacterial Agents	C0279516	D000900		Vol-19, P-727, RIMP
416	Pentanema indicum	leaf	leaf	Antifungal Agents	C0003308	D000935		Vol-19, P-728, RIMP
417	Persicaria hydropiper	leaf	leaf	Anti-Bacterial Agents	C0279516	D000900		Vol-19, P-900, RIMP
418	Persicaria hydropiper	leaf	leaf	Antifungal Agents	C0003308	D000935		Vol-19, P-900, RIMP
419	Pimenta dioica	leaf	leaf	antioxidant activity	C1148564	D000975		Vol-20, P-526, RIMP
420	Pimenta dioica	leaf	leaf	Anti-Bacterial Agents	C0279516	D000900		Vol-20, P-528, RIMP
421	Pimenta dioica	leaf	leaf	Antifungal Agents	C0003308	D000935		Vol-20, P-529, RIMP
422	Pinus roxburghii	leaf	leaf	Anti-Bacterial Agents	C0279516	D000900		Vol-20, P-610, RIMP
423	Piper betle	leaf	leaf	Antihelmintics	C0003158	D000871	XM4EC0	Vol-20, P-850, RIMP
424	Piper betle	leaf	leaf	Anti-infective antiprotozoal	C0003416	D000981	XM4GE4	Vol-20, P-849, RIMP
425	Piper betle	leaf	leaf	Anti-Bacterial Agents	C0279516	D000900		Vol-20, P-849, RIMP
426	Piper cubeba	fruit	fruit	Antihelmintics	C0003158	D000871	XM4EC0	Vol-20, P-851, RIMP
427	Piper longum	fruit	fruit	Antinematodal Agents	C0003391			Vol-20, P-863, RIMP
428	Pistacia chinensis	gall	gall	Anti-infective antiprotozoal	C0003416	D000981	XM4GE4	Vol-21, P-34, RIMP
429	Pistacia chinensis	gall	gall	Anti-Bacterial Agents	C0279516	D000900		Vol-21, P-34, RIMP
430	Pistacia chinensis	gall	gall	Antihelmintics	C0003158	D000871	XM4EC0	Vol-21, P-35, RIMP
431	Pittosporum viridulum	fruit	fruit	Anti-Bacterial Agents	C0279516	D000900		Vol-21, P-174, RIMP
432	Pittosporum viridulum	leaf	leaf	Anti-Bacterial Agents	C0279516	D000900		Vol-21, P-174, RIMP
433	Platycladus orientalis	fruit	fruit	antioxidant activity	C1148564	D000975		Vol-21, P-251, RIMP
434	Platycladus orientalis	fruit	fruit	Anti-Bacterial Agents	C0279516	D000900		Vol-21, P-251, RIMP
435	Platycladus orientalis	leaf	leaf	Anti-Bacterial Agents	C0279516	D000900		Vol-21, P-252, RIMP
436	Platycladus orientalis	leaf	leaf	Antifungal Agents	C0003308	D000935		Vol-21, P-253, RIMP
437	Plectranthus amboinicus	leaf	leaf	Anticancer agents			XM9F82	Vol-21, P-303, RIMP
438	Plectranthus amboinicus	leaf	leaf	Cytotoxin	C0010868	D003603		Vol-21, P-304, RIMP
439	Plectranthus amboinicus	leaf	leaf	antioxidant activity	C1148564	D000975		Vol-21, P-306, RIMP
440	Plectranthus amboinicus	leaf	leaf	Antifungal Agents	C0003308	D000935		Vol-21, P-311, RIMP
441	Plectranthus mollis	aerial part	aerial part	Anti-Bacterial Agents	C0279516	D000900		Vol-21, P-319, RIMP
442	Plectranthus mollis	aerial part	aerial part	Antifungal Agents	C0003308	D000935		Vol-21, P-320, RIMP
443	Plectranthus vettiveroides	root	root	Anti-Bacterial Agents	C0279516	D000900		Vol-21, P-323, RIMP
444	Pleurospermum angelicoides	flower	flower	antioxidant activity	C1148564	D000975		Vol-21, P-371, RIMP
445	Pleurospermum angelicoides	leaf	leaf	antioxidant activity	C1148564	D000975		Vol-21, P-371, RIMP
446	Pleurospermum angelicoides	root	root	antioxidant activity	C1148564	D000975		Vol-21, P-371, RIMP
447	Pleurospermum angelicoides	flower	flower	Anti-Bacterial Agents	C0279516	D000900		Vol-21, P-372, RIMP
448	Pleurospermum angelicoides	leaf	leaf	Anti-Bacterial Agents	C0279516	D000900		Vol-21, P-372, RIMP
449	Pleurospermum angelicoides	root	root	Anti-Bacterial Agents	C0279516	D000900		Vol-21, P-372, RIMP
450	Pleurospermum angelicoides	flower	flower	Antifungal Agents	C0003308	D000935		Vol-21, P-372, RIMP
451	Pleurospermum angelicoides	leaf	leaf	Antifungal Agents	C0003308	D000935		Vol-21, P-372, RIMP
452	Pleurospermum angelicoides	root	root	Antifungal Agents	C0003308	D000935		Vol-21, P-372, RIMP
453	Psidium guajava	leaf	leaf	Anti-Inflammatory Agents	C0003209	D000893		Vol-22, P-239, RIMP
454	Psidium guajava	leaf	leaf	antioxidant activity	C1148564	D000975		Vol-22, P-240, RIMP
455	Rosmarinus officinalis	leaf	leaf	Anti-Bacterial Agents	C0279516	D000900		Vol-23, P-707, RIMP
456	Ruta graveolens	leaf	leaf	Anti-Bacterial Agents	C0279516	D000900		Vol-23, P-983, RIMP
457	Blumea axillaris	leaf	leaf	Antiviral Agents	C0003451	D000998		Vol-4, P-268, RIMP
458	Cinnamomum verum	fruit	fruit	antioxidant activity	C1148564	D000975		Vol-6, P-327, RIMP
459	Cinnamomum verum	bark	bark	Anti-Bacterial Agents	C0279516	D000900		Vol-6, P-329, RIMP
460	Cinnamomum verum	leaf	leaf	Anti-Bacterial Agents	C0279516	D000900		Vol-6, P-330, RIMP
461	Cinnamomum verum	bark	bark	Antifungal Agents	C0003308	D000935		Vol-6, P-331, RIMP
462	Cinnamomum verum	bark	bark	ovicidal activity				Vol-6, P-332, RIMP
463	Corymbia citriodora	leaf	leaf	Anti-Bacterial Agents	C0279516	D000900		Vol-10, P-752, RIMP
464	Eucalyptus tereticornis	leaf	leaf	antioxidant activity	C1148564	D000975		Vol-10, P-765, RIMP
465	Ayapana triplinervis	leaf	leaf	Anti-Bacterial Agents	C0279516	D000900		Vol-10, P-867, RIMP
466	Ayapana triplinervis	leaf	leaf	Antifungal Agents	C0003308	D000935		Vol-10, P-867, RIMP
467	Perilla frutescens	aerial part	aerial part	Antimicrobial activity function	C1321418	D000890		Vol-18, P-161, RIMP
468	Toddalia asiatica	leaf	leaf	Anti-Inflammatory Agents	C0003209	D000893		Vol-19, P-466, RIMP
469	Toddalia asiatica	leaf	leaf	Anti-Bacterial Agents	C0279516	D000900		Vol-19, P-468, RIMP
470	Toddalia asiatica	leaf	leaf	Antifungal Agents	C0003308	D000935		Vol-19, P-470, RIMP
471	Isodon rugosus	leaf	leaf	Anti-Bacterial Agents	C0279516	D000900		Vol-21, P-321, RIMP
472	Isodon rugosus	leaf	leaf	Antifungal Agents	C0003308	D000935		Vol-21, P-321, RIMP
473	Scutellaria repens	aerial part	aerial part	Anti-Bacterial Agents	C0279516	D000900		Vol-24, P-887, RIMP
474	Saussurea costus	root	root	Antifungal Agents	C0003308	D000935		Vol-24, P-633, RIMP
475	Heptapleurum stellatum	leaf	leaf	Anti-Bacterial Agents	C0279516	D000900		Vol-24, P-703, RIMP
476	Heptapleurum stellatum	leaf	leaf	Antifungal Agents	C0003308	D000935		Vol-24, P-703, RIMP
477	Pentacalia amplexicaulis	root	root	antioxidant activity	C1148564	D000975		Vol-25, P- 199, RIMP
478	Synotis rufinervis	leaf	leaf	Analgesics		D000700		Vol-25, P- 204, RIMP
479	Synotis rufinervis	root	root	Anti-Bacterial Agents	C0279516	D000900		Vol-25, P- 204, RIMP
480	Synotis rufinervis	leaf	leaf	Anti-Bacterial Agents	C0279516	D000900		Vol-25, P- 204, RIMP
481	Synotis rufinervis	root	root	Antifungal Agents	C0003308	D000935		Vol-25, P- 204, RIMP
482	Synotis rufinervis	leaf	leaf	Antifungal Agents	C0003308	D000935		Vol-25, P- 204, RIMP
483	Skimmia laureola	leaf	leaf	Anti-Bacterial Agents	C0279516	D000900		Vol-25, P- 688, RIMP
484	Skimmia laureola	leaf	leaf	Antifungal Agents	C0003308	D000935		Vol-25, P- 688, RIMP
485	Selinum vaginatum	aerial part	aerial part	Anti-Bacterial Agents	C0279516	D000900		Vol-25, P-100, RIMP
486	Selinum vaginatum	root	root	Anti-Bacterial Agents	C0279516	D000900		Vol-25, P-100, RIMP
487	Senecio nudicaulis	aerial part	aerial part	antioxidant activity	C1148564	D000975		Vol-25, P- 203, RIMP
488	Senecio nudicaulis	aerial part	aerial part	Anti-Bacterial Agents	C0279516	D000900		Vol-25, P- 203, RIMP
489	Skimmia anquetilia	leaf	leaf	antioxidant activity	C1148564	D000975		Vol-25, P- 687, RIMP
490	Skimmia anquetilia	flower	flower	antioxidant activity	C1148564	D000975		Vol-25, P- 687, RIMP
491	Achillea millefolium	aerial part	aerial part	Hemostatic Agents	C0019120	D006490		Vol-1, P-55, WIRM
492	Acorus calamus	rhizome	rhizome	Sedatives	C0036557	D006993		Vol-1, P-64, WIRM
493	Acorus calamus	rhizome	rhizome	Analgesics		D000700		Vol-1, P-64, WIRM
494	Boswellia serrata	plant exudate	resin/gum	Anti-Bacterial Agents	C0279516	D000900		VOL-2,PAG-208, WIRM
495	Melaleuca citrina	leaf	leaf	Antifungal Agents	C0003308	D000935		VOL-3 ,PAG-65, WIRM
496	Melaleuca viminalis	leaf	leaf	Anti-Bacterial Agents	C0279516	D000900		VOL-3 ,PAG-65, WIRM
497	Celastrus paniculatus	seed	seed	Anti-Bacterial Agents	C0279516	D000900		VOL-3 ,PAG-412, WIRM
498	Ocimum americanum	leaf	leaf	Anti-Bacterial Agents	C0279516	D000900		VOL-7, PAG-81, WIRM
499	Tagetes minuta	flower	flower	Tranquilizing Agents	C0040614	D014149		VOL-10, pag-111, WIRM
500	Tagetes minuta	flower	flower	Hypotensive drug			XM4EP4	VOL-10, pag-111, WIRM
501	Tagetes minuta	flower	flower	Antispasmodics	C0037766	D010276		VOL-10, pag-111, WIRM
502	Tagetes minuta	flower	flower	Bronchodilator Agents	C0006280	D001993		VOL-10, pag-111, WIRM
503	Tagetes minuta	flower	flower	Anti-Inflammatory Agents	C0003209	D000893		VOL-10, pag-111, WIRM
504	Zanthoxylum armatum	seed	seed	Anti-Bacterial Agents	C0279516	D000900		vol-11, pag-21, WIRM
505	Erigeron bonariensis	aerial part	aerial part	Antifungal Agents	C0003308	D000935		vol-3,pag-87, WIRM_SUP_1
506	Tagetes erecta	leaf	leaf	Antifungal Agents	C0003308	D000935		vol-5 , pag-182, WIRM_SUP_1
507	Trachyspermum ammi	seed	seed	Antimicrobial activity function	C1321418	D000890		vol-5 , pag-242, WIRM_SUP_1
509	Trachyspermum ammi	seed	seed	Antifungal Agents	C0003308	D000935		vol-5 , pag-242, WIRM_SUP_1
510	Uvaria narum	root	root bark	Antimicrobial activity function	C1321418	D000890		vol-5 , pag-286, WIRM_SUP_1
511	Uvaria narum	root	root bark	Antihelmintics	C0003158	D000871	XM4EC0	vol-5 , pag-286, WIRM_SUP_1
512	Zingiber chrysanthum	rhizome	rhizome	Antifungal Agents	C0003308	D000935		vol-5 , pag-400, WIRM_SUP_1
513	Artemisia maritima	aerial part	aerial part	Antifungal Agents	C0003308	D000935		vol-1,pag-86, WIRM_SUP_2
514	Elwendia persica	seed	seed	Antidote	C0003295	D000931	XM1S43	vol-1,pag-120, WIRM_SUP_2
515	Hemidesmus indicus	root	root	Antifungal Agents	C0003308	D000935		vol-2, pag-43, WIRM_SUP_2
516	Wrightia tinctoria	leaf	leaf	Anti-Inflammatory Agents	C0003209	D000893		vol-3, pag-251, WIRM_SUP_2
517	Cinnamomum verum	leaf	leaf	Antimicrobial activity function	C1321418	D000890		part-1.pag-204, GIMP
518	Cinnamomum verum	leaf	leaf	Antifungal Agents	C0003308	D000935		part-1.pag-204, GIMP
520	Cinnamomum verum	bark	bark	Antifungal Agents	C0003308	D000935		part-1.pag-204, GIMP
521	Piper cubeba	fruit	fruit	Anti-Infective Agents	C0003204	D000891		Vol-1, Pag-28, TIMP
522	Litsea glutinosa	fruit	fruit	Antirheumatic	C4505471		XM95N2	vol-1,pag-128, TIMP
